receiving spam messages receiving spam messages google headquarters california ip address another mail provider email spamming google account google california must see stop users spam happened head office california date experience may,1
stuck cannot buy anything phone suspended google verify sent verification ages ago stupid morons got clue date experience may,1
car broke touring car broke touring caravan site staying last night holiday grange sands called green flag brilliant within hours mechanic arrived furness cars commercials diagnosed electrical problem needed garage repair arranged recovery car caravan home mid afternoon even parked caravan driveway greenflag brilliant team furness cars commercials stress free return home thanks andrew mcallister date experience may,5
google turn earth global village google wild range source information knowledge many thing whatever want study search easily find google within couple minutes date experience april,4
gutter guysi would like recommend gutter guys peter callum excellent job replacing gutters pipes nothing much trouble arrived time cleaned pleasant friendly date experience may,5
google drive bad decisiongoogle drive trust service lost thousands files due service crashing literally millions duplicated files appear bytes six months line still getting emails saying team get back investigation complete still waiting idea went wrong compensation lost work goodwill even free month service would accept using dropbox cant fault date experience january,1
friends went snuffy friends went snuffy jacks fishponds road tonight cocktails night cocktail maker josh roberts definitely knew never tasted anything like amazingly professional extremely knowledgeable prices reasonable small unassuming bar atmosphere fantastic would highly recommend making effort visit date experience may,5
ordered pm internet ordered pm internet delivered next day good service excellent fencing good company use highly recommend cheers date experience may,5
extremely unhappy level extremely unhappy level service given jaguar hardwoods coulsdon none staff showed customer service skills failed inform explain service works told car ready picked car even cleaned worked serviced honestly belive car worked terrible service returning back advise anyone else use dealership anything left waiting around explanation waiting offered drink hospitality terrible customer service staff need training deal types customers date experience may,1
get help customer get help customer service human talk get account verified one help issue date experience may,1
mr sanjay singhmr sanjay singh absolute profound best magnetic sales representative establishment brick aptly would like thank much pragmatic authenticity goes long way thank professionalism providing transparent household shopping options new apartment furniture items without cushioned charges hefty fees etc highly recommend customer service enthusiasm practically anyone need shopping household appliances brick store delivery dispatched accordingly safe keep good work multitasking departments processing customer orders date experience may,5
ethical misuse technology raeli military reportedly uses google photos facial recognition feature part mass surveillance pa estinians ga za raeli military usage violates google policies forbid using google photos promote activities cause serious immediate harm people animals date experience may,1
funeral services kevin lowndswe would highly recommend kevin lownds funeral services using late mum offer personnel service needs family run business everyone dealt sensitive supportive helpful date experience april,5
deleted negative reviews without deleted negative reviews without explanation questioned told since representative organisation involved would discuss unsatisfactory indicates lack integrity write review content deleted without notification discussion date experience february,3
kabalerokabalero exceptional pizza best cavtat recommend lovely staff great service date experience may,5
google recommends scam sitedisappointed used site find supplier find scam site health kare poor trustpilot rating earth vet recommendations date experience may,1
northern hot tubs sarniai really love new northern hot tub got southwest fence decks received first class customer service start showroom job done office staff workers delivered tub professional courteous step job impressed sales rep luc went beyond norm followed every step job keeping us informed tub delivered set luc returned twice responded text message concerning question weekend outside office hours followed person visit ensure concern satisfactorily resolved luc made second site visit make minor adjustments kind sales customer service satisfaction rare noteworthy date experience april,5
amazing dentist visited dentist ziad bargash bad nerve pain coventry road dental practice always amazing gentle handles concerns alot care im sensitive person would recommend unreservedly thank help date experience may,5
digital prison many passwords many accounts many verification codes many permissions intrusions much unnecessary complexity much control simplicity anymore everything stress anxiety caused technology world feels like oppressive digital concentration camp without walls built google date experience april,1
booked airbnb princess booked airbnb princess grande reserve wy orlando fl usai cancelled never even entered complex charged cleaning fee cleaning done bc never even entered condo apartment left review stating stated takes airbnb host go complain airbnb remove reviews date experience april,1
give money back could leave stars would booked apartment ny decide split stay two locations cancelled thought ease transaction agree booking credit used book consequent two apartments month half later airbnb cancelled bookings investigating hosts refusing refund money back account said booking credit unfortunately almost talking given situation hosts ny heard clamping airbnb feel comfortable booking would like book hotel cannot get money back awful service never use dispute credit card provider please avoid cost book elsewhere much safer treated fairly date experience may,1
airbnb since beginningi airbnb since beginning recently returned back host realise restricting punishing lovely requester would love give flat another requester keeps coming back quicker control canceled requester charged seriously booking system sucks date experience may,1
claim host approved even though claim host approved even though clear coach different coach advertised goodbye video also scientific proof read neither conversation app host knows rules comes odour clause enables make claim odour proven video yet invented guests would stand stronger local market research appointing communication via airbnb app date experience may,1
rude selfish members cannot believe conduct airbnb member rude selfish cannot understand think everyone actual fact received booking honored got friends rented equipment another company still thought alright use facilities bit like taking mc donalds restuarant eating tables gave us bad review honestly airbnb members super stingy selfish leaving airbnb become pool greedy people want pay anything wants star gold service date experience may,1
stick hotelsstick hotels first experience terrible last one still trying get help airbnb agent taking forever respond honest fair person use airbnb platform hotels much better update details resolve issue date experience may,1
customer service customer service listed property airbnb suspended account without notifying month contacted numerous time answer absolute time wasterdate experience may,1
airbnb years airbnb years guest host followed rules airbnb value ogs users anymore host listing home open bookings going away opened calendar july minimum night stay nights away july hoping guest available another handover however someone booked june th nights july minimum night term first airbnb admitted technical error later came back explain possible nowhere guest booking loop hole explained airbnb still able point alas end airbnb advised cancel trusted guidance fined dates july blocked feel completely gaslit airbnb unwilling fix customer service team extremely rude listen instead continuously speak little voice going change anything forgotten original values lost empathy onto alternatives platforms furthermore closed case answer call date experience may,1
awfulthe place supposed stay found mold cancelled reservation kicks issues first happened day tried cancel day reason would never seen penny back care second way let anyone know platform person warning five star super host according airbnb third customer service horrible tried help find new location offered condolences would treat like family coupon next stay long cost one cancelled course horrible way treat family booked months advance keep pay last minute prices waiting hours phone find place twice far needed acceptable date experience april,1
horrendous company superhost airbnb last years say absolutely horrendous deal latest verify listing one ill thought things ever experienced want go holiday lodges manage take videos photos inside outside even guests customer service teams absolutely hopeless robotic answers flexibility whatsoever years bookings reviews listings star reviews rural scotland completed guest nights abnb significantly com near mile round trip photograph video authenticity verify even guests photograph video inside intrusion guests completely unacceptable blocked dates verification process done despite telling june st complete verification process truly horrendous customer service ridiculously ill thought process verification date experience may,1
took money declinedmade reservation paid half amount airbnb took money account declined us called airbnb spoke many times could give reason call talk bank much extra job time phone tried one time another house rent airbnb thing happened could help us wait get money back weeks bye bye airbnb taking away account today date experience may,1
unlike many people seem positive dealings airbnbunlike many people seem positive dealings airbnb recently issue company behalf host resolved problem quickly far listings visited exactly stated good service fees sometimes seem little top though listed nightly price actually end indication total cost searching decent priced place take long time date experience may,4
noise hazardi booked apartment pavia italy city center choosing based distance university conveniency shopping food request clearly stated coming work third night encountered impossible noise parties drunken behavior lasted sometimes morning help close windows use earplugs four nights constant noise asked cancel booking get refund booking different place sleep quietly apparently airbnb cover hazards viewed noise hazard declined needless say paid double amount cover second part stay using airbnb several years probably refrain using also recommend colleagues avoid date experience may,1
avoid costi booked payed apartment annecy france yesterday host sent message cancelling staying pretending niece going staying apartment ha ha ha without big headed proud airbnb score years call airbnb want refund use booking com instead told wait days get refund days policy rules illegally make profit even get service refunds issued hundred thousands people therefore making millions profits money deposited banks called legalised theft punish hosts cancel booking niece lover wanted place stupid excuses really advice guests booked france year olympics thousands canceling places prices quadruple today happened airbnb date experience may,1
watch billing air bnb debited account repetitive charges stopped bank stopped declining card took would night stay top charge cleaning complain clean laundry still trying get money back date experience april,1
stay cancelled one day prior arrival booked stay may november one day prior arrival stay cancelled able get hold host messages back one day prior arrival says closed place possible us reservation surely booked stay still market booked someone informed us soon stay taken site even possible us book first place instead find one day trip airbnb refunds money gives us coupon worth dkk book somewhere new however stays left cost much one night originally paid night much expensive also everything area sold due high demand concert try call airbnb get bigger refund able get one coupon amount money getting coupon means rent another airbnb book somewhere else want use extra money even wanted another airbnb nearly enough cover additional price however able change expiration date coupon would year use instead month nice date experience may,2
robbed airbnb host orsolya szijjarto robbed stay budapest host name mark room veronika room host stole laptop wallet apartment close blaha ter real name host orsolya szijjarto even operates marcus vullings name despite airbnb insurance article company refused refund inconveniencedate experience december,1
host currently removing listingi host speed airbnb look penalise charge fees frightening currently removing listing plenty alternative providers seems strange business model mess hosts around way airbnb frequently date experience may,1
insufferable company ive never treated worse company left completely helpless miles away home host zeb czech republic gave us aimless directions took us minutes find home pointless unhelpful conversation host hoped get help airbnb instead left sorry theres violation theres nothing host bother recognize fact idea navigable instructions given decided stay also felt entirely unsafe area worth camera equipment door also close properly run shady apartment host continued argue us airbnb left us dark go luckily found accommodations hotel across town proceeded litigation towards airbnb continue hold money companies treat loyal customer years way business mention cultural gentrification leaves citizens without place live causes tourism due airbnbs inconvenience societies around globe aim bankrupt awful despicable entity date experience may,1
airbnb unresolution centrewe stayed nights property good checked claim damage disagreed story provided hosts declined claim felt inaccurate costs claiming ridiculous actually issue entered resolution centre labyrinth brilliant airbnb invention befuddlement stonewalling aimless dance never get straight answer get passed around hit silent dead ends days weeks slip responses promised referrals specialists phone callbacks never eventuate lied order fob another days chats open get arbitrarily closed etc take money anyway nutshell resolution centre unresolution centre designed frustrate give sigh cancelled airbnb account date experience march,1
receiving spam messages receiving spam messages google headquarters california ip address another mail provider email spamming google account google california must see stop users spam happened head office california date experience may,1
stuck cannot buy anything phone suspended google verify sent verification ages ago stupid morons got clue date experience may,1
car broke touring car broke touring caravan site staying last night holiday grange sands called green flag brilliant within hours mechanic arrived furness cars commercials diagnosed electrical problem needed garage repair arranged recovery car caravan home mid afternoon even parked caravan driveway greenflag brilliant team furness cars commercials stress free return home thanks andrew mcallister date experience may,5
google turn earth global village google wild range source information knowledge many thing whatever want study search easily find google within couple minutes date experience april,4
gutter guysi would like recommend gutter guys peter callum excellent job replacing gutters pipes nothing much trouble arrived time cleaned pleasant friendly date experience may,5
google drive bad decisiongoogle drive trust service lost thousands files due service crashing literally millions duplicated files appear bytes six months line still getting emails saying team get back investigation complete still waiting idea went wrong compensation lost work goodwill even free month service would accept using dropbox cant fault date experience january,1
friends went snuffy friends went snuffy jacks fishponds road tonight cocktails night cocktail maker josh roberts definitely knew never tasted anything like amazingly professional extremely knowledgeable prices reasonable small unassuming bar atmosphere fantastic would highly recommend making effort visit date experience may,5
ordered pm internet ordered pm internet delivered next day good service excellent fencing good company use highly recommend cheers date experience may,5
extremely unhappy level extremely unhappy level service given jaguar hardwoods coulsdon none staff showed customer service skills failed inform explain service works told car ready picked car even cleaned worked serviced honestly belive car worked terrible service returning back advise anyone else use dealership anything left waiting around explanation waiting offered drink hospitality terrible customer service staff need training deal types customers date experience may,1
get help customer get help customer service human talk get account verified one help issue date experience may,1
mr sanjay singhmr sanjay singh absolute profound best magnetic sales representative establishment brick aptly would like thank much pragmatic authenticity goes long way thank professionalism providing transparent household shopping options new apartment furniture items without cushioned charges hefty fees etc highly recommend customer service enthusiasm practically anyone need shopping household appliances brick store delivery dispatched accordingly safe keep good work multitasking departments processing customer orders date experience may,5
ethical misuse technology raeli military reportedly uses google photos facial recognition feature part mass surveillance pa estinians ga za raeli military usage violates google policies forbid using google photos promote activities cause serious immediate harm people animals date experience may,1
funeral services kevin lowndswe would highly recommend kevin lownds funeral services using late mum offer personnel service needs family run business everyone dealt sensitive supportive helpful date experience april,5
deleted negative reviews without deleted negative reviews without explanation questioned told since representative organisation involved would discuss unsatisfactory indicates lack integrity write review content deleted without notification discussion date experience february,3
kabalerokabalero exceptional pizza best cavtat recommend lovely staff great service date experience may,5
google recommends scam sitedisappointed used site find supplier find scam site health kare poor trustpilot rating earth vet recommendations date experience may,1
northern hot tubs sarniai really love new northern hot tub got southwest fence decks received first class customer service start showroom job done office staff workers delivered tub professional courteous step job impressed sales rep luc went beyond norm followed every step job keeping us informed tub delivered set luc returned twice responded text message concerning question weekend outside office hours followed person visit ensure concern satisfactorily resolved luc made second site visit make minor adjustments kind sales customer service satisfaction rare noteworthy date experience april,5
amazing dentist visited dentist ziad bargash bad nerve pain coventry road dental practice always amazing gentle handles concerns alot care im sensitive person would recommend unreservedly thank help date experience may,5
digital prison many passwords many accounts many verification codes many permissions intrusions much unnecessary complexity much control simplicity anymore everything stress anxiety caused technology world feels like oppressive digital concentration camp without walls built google date experience april,1
booked airbnb princess booked airbnb princess grande reserve wy orlando fl usai cancelled never even entered complex charged cleaning fee cleaning done bc never even entered condo apartment left review stating stated takes airbnb host go complain airbnb remove reviews date experience april,1
give money back could leave stars would booked apartment ny decide split stay two locations cancelled thought ease transaction agree booking credit used book consequent two apartments month half later airbnb cancelled bookings investigating hosts refusing refund money back account said booking credit unfortunately almost talking given situation hosts ny heard clamping airbnb feel comfortable booking would like book hotel cannot get money back awful service never use dispute credit card provider please avoid cost book elsewhere much safer treated fairly date experience may,1
airbnb since beginningi airbnb since beginning recently returned back host realise restricting punishing lovely requester would love give flat another requester keeps coming back quicker control canceled requester charged seriously booking system sucks date experience may,1
claim host approved even though claim host approved even though clear coach different coach advertised goodbye video also scientific proof read neither conversation app host knows rules comes odour clause enables make claim odour proven video yet invented guests would stand stronger local market research appointing communication via airbnb app date experience may,1
rude selfish members cannot believe conduct airbnb member rude selfish cannot understand think everyone actual fact received booking honored got friends rented equipment another company still thought alright use facilities bit like taking mc donalds restuarant eating tables gave us bad review honestly airbnb members super stingy selfish leaving airbnb become pool greedy people want pay anything wants star gold service date experience may,1
stick hotelsstick hotels first experience terrible last one still trying get help airbnb agent taking forever respond honest fair person use airbnb platform hotels much better update details resolve issue date experience may,1
customer service customer service listed property airbnb suspended account without notifying month contacted numerous time answer absolute time wasterdate experience may,1
airbnb years airbnb years guest host followed rules airbnb value ogs users anymore host listing home open bookings going away opened calendar july minimum night stay nights away july hoping guest available another handover however someone booked june th nights july minimum night term first airbnb admitted technical error later came back explain possible nowhere guest booking loop hole explained airbnb still able point alas end airbnb advised cancel trusted guidance fined dates july blocked feel completely gaslit airbnb unwilling fix customer service team extremely rude listen instead continuously speak little voice going change anything forgotten original values lost empathy onto alternatives platforms furthermore closed case answer call date experience may,1
awfulthe place supposed stay found mold cancelled reservation kicks issues first happened day tried cancel day reason would never seen penny back care second way let anyone know platform person warning five star super host according airbnb third customer service horrible tried help find new location offered condolences would treat like family coupon next stay long cost one cancelled course horrible way treat family booked months advance keep pay last minute prices waiting hours phone find place twice far needed acceptable date experience april,1
horrendous company superhost airbnb last years say absolutely horrendous deal latest verify listing one ill thought things ever experienced want go holiday lodges manage take videos photos inside outside even guests customer service teams absolutely hopeless robotic answers flexibility whatsoever years bookings reviews listings star reviews rural scotland completed guest nights abnb significantly com near mile round trip photograph video authenticity verify even guests photograph video inside intrusion guests completely unacceptable blocked dates verification process done despite telling june st complete verification process truly horrendous customer service ridiculously ill thought process verification date experience may,1
took money declinedmade reservation paid half amount airbnb took money account declined us called airbnb spoke many times could give reason call talk bank much extra job time phone tried one time another house rent airbnb thing happened could help us wait get money back weeks bye bye airbnb taking away account today date experience may,1
unlike many people seem positive dealings airbnbunlike many people seem positive dealings airbnb recently issue company behalf host resolved problem quickly far listings visited exactly stated good service fees sometimes seem little top though listed nightly price actually end indication total cost searching decent priced place take long time date experience may,4
noise hazardi booked apartment pavia italy city center choosing based distance university conveniency shopping food request clearly stated coming work third night encountered impossible noise parties drunken behavior lasted sometimes morning help close windows use earplugs four nights constant noise asked cancel booking get refund booking different place sleep quietly apparently airbnb cover hazards viewed noise hazard declined needless say paid double amount cover second part stay using airbnb several years probably refrain using also recommend colleagues avoid date experience may,1
avoid costi booked payed apartment annecy france yesterday host sent message cancelling staying pretending niece going staying apartment ha ha ha without big headed proud airbnb score years call airbnb want refund use booking com instead told wait days get refund days policy rules illegally make profit even get service refunds issued hundred thousands people therefore making millions profits money deposited banks called legalised theft punish hosts cancel booking niece lover wanted place stupid excuses really advice guests booked france year olympics thousands canceling places prices quadruple today happened airbnb date experience may,1
watch billing air bnb debited account repetitive charges stopped bank stopped declining card took would night stay top charge cleaning complain clean laundry still trying get money back date experience april,1
stay cancelled one day prior arrival booked stay may november one day prior arrival stay cancelled able get hold host messages back one day prior arrival says closed place possible us reservation surely booked stay still market booked someone informed us soon stay taken site even possible us book first place instead find one day trip airbnb refunds money gives us coupon worth dkk book somewhere new however stays left cost much one night originally paid night much expensive also everything area sold due high demand concert try call airbnb get bigger refund able get one coupon amount money getting coupon means rent another airbnb book somewhere else want use extra money even wanted another airbnb nearly enough cover additional price however able change expiration date coupon would year use instead month nice date experience may,2
robbed airbnb host orsolya szijjarto robbed stay budapest host name mark room veronika room host stole laptop wallet apartment close blaha ter real name host orsolya szijjarto even operates marcus vullings name despite airbnb insurance article company refused refund inconveniencedate experience december,1
host currently removing listingi host speed airbnb look penalise charge fees frightening currently removing listing plenty alternative providers seems strange business model mess hosts around way airbnb frequently date experience may,1
insufferable company ive never treated worse company left completely helpless miles away home host zeb czech republic gave us aimless directions took us minutes find home pointless unhelpful conversation host hoped get help airbnb instead left sorry theres violation theres nothing host bother recognize fact idea navigable instructions given decided stay also felt entirely unsafe area worth camera equipment door also close properly run shady apartment host continued argue us airbnb left us dark go luckily found accommodations hotel across town proceeded litigation towards airbnb continue hold money companies treat loyal customer years way business mention cultural gentrification leaves citizens without place live causes tourism due airbnbs inconvenience societies around globe aim bankrupt awful despicable entity date experience may,1
airbnb unresolution centrewe stayed nights property good checked claim damage disagreed story provided hosts declined claim felt inaccurate costs claiming ridiculous actually issue entered resolution centre labyrinth brilliant airbnb invention befuddlement stonewalling aimless dance never get straight answer get passed around hit silent dead ends days weeks slip responses promised referrals specialists phone callbacks never eventuate lied order fob another days chats open get arbitrarily closed etc take money anyway nutshell resolution centre unresolution centre designed frustrate give sigh cancelled airbnb account date experience march,1
good clients writing good reviews good clients writing good reviews censored noticed reverse happens fraudulent reviews person call use service reported get notification report google keeps fraudulent posts people even talk enough skewed reviews total lies google keeps keeps cliks date experience may,1
receiving spam messages receiving spam messages google headquarters california ip address another mail provider email spamming google account google california must see stop users spam happened head office california date experience may,1
car broke touring car broke touring caravan site staying last night holiday grange sands called green flag brilliant within hours mechanic arrived furness cars commercials diagnosed electrical problem needed garage repair arranged recovery car caravan home mid afternoon even parked caravan driveway greenflag brilliant team furness cars commercials stress free return home thanks andrew mcallister date experience may,5
stuck cannot buy anything phone suspended google verify sent verification ages ago stupid morons got clue date experience may,1
gutter guysi would like recommend gutter guys peter callum excellent job replacing gutters pipes nothing much trouble arrived time cleaned pleasant friendly date experience may,5
friends went snuffy friends went snuffy jacks fishponds road tonight cocktails night cocktail maker josh roberts definitely knew never tasted anything like amazingly professional extremely knowledgeable prices reasonable small unassuming bar atmosphere fantastic would highly recommend making effort visit date experience may,5
ordered pm internet ordered pm internet delivered next day good service excellent fencing good company use highly recommend cheers date experience may,5
google drive bad decisiongoogle drive trust service lost thousands files due service crashing literally millions duplicated files appear bytes six months line still getting emails saying team get back investigation complete still waiting idea went wrong compensation lost work goodwill even free month service would accept using dropbox cant fault date experience january,1
mr sanjay singhmr sanjay singh absolute profound best magnetic sales representative establishment brick aptly would like thank much pragmatic authenticity goes long way thank professionalism providing transparent household shopping options new apartment furniture items without cushioned charges hefty fees etc highly recommend customer service enthusiasm practically anyone need shopping household appliances brick store delivery dispatched accordingly safe keep good work multitasking departments processing customer orders date experience may,5
get help customer get help customer service human talk get account verified one help issue date experience may,1
funeral services kevin lowndswe would highly recommend kevin lownds funeral services using late mum offer personnel service needs family run business everyone dealt sensitive supportive helpful date experience april,5
extremely unhappy level extremely unhappy level service given jaguar hardwoods coulsdon none staff showed customer service skills failed inform explain service works told car ready picked car even cleaned worked serviced honestly belive car worked terrible service returning back advise anyone else use dealership anything left waiting around explanation waiting offered drink hospitality terrible customer service staff need training deal types customers date experience may,1
kabalerokabalero exceptional pizza best cavtat recommend lovely staff great service date experience may,5
ethical misuse technology raeli military reportedly uses google photos facial recognition feature part mass surveillance pa estinians ga za raeli military usage violates google policies forbid using google photos promote activities cause serious immediate harm people animals date experience may,1
amazing dentist visited dentist ziad bargash bad nerve pain coventry road dental practice always amazing gentle handles concerns alot care im sensitive person would recommend unreservedly thank help date experience may,5
deleted negative reviews without deleted negative reviews without explanation questioned told since representative organisation involved would discuss unsatisfactory indicates lack integrity write review content deleted without notification discussion date experience february,3
northern hot tubs sarniai really love new northern hot tub got southwest fence decks received first class customer service start showroom job done office staff workers delivered tub professional courteous step job impressed sales rep luc went beyond norm followed every step job keeping us informed tub delivered set luc returned twice responded text message concerning question weekend outside office hours followed person visit ensure concern satisfactorily resolved luc made second site visit make minor adjustments kind sales customer service satisfaction rare noteworthy date experience april,5
fiddlers crisps lancashire fiddlers crisps lancashire say superb seen hairy bikers made decision try disappointed delivered courier couple days ordering superb great tasting lots choice regarding flavours plenty bag made week thank date experience may,5
google recommends scam sitedisappointed used site find supplier find scam site health kare poor trustpilot rating earth vet recommendations date experience may,1
digital prison many passwords many accounts many verification codes many permissions intrusions much unnecessary complexity much control simplicity anymore everything stress anxiety caused technology world feels like oppressive digital concentration camp without walls built google date experience april,1
booked airbnb princess booked airbnb princess grande reserve wy orlando fl usai cancelled never even entered complex charged cleaning fee cleaning done bc never even entered condo apartment left review stating stated takes airbnb host go complain airbnb remove reviews date experience april,1
give money back could leave stars would booked apartment ny decide split stay two locations cancelled thought ease transaction agree booking credit used book consequent two apartments month half later airbnb cancelled bookings investigating hosts refusing refund money back account said booking credit unfortunately almost talking given situation hosts ny heard clamping airbnb feel comfortable booking would like book hotel cannot get money back awful service never use dispute credit card provider please avoid cost book elsewhere much safer treated fairly date experience may,1
business cyprus cancel business cyprus cancel villa week go contacted customer service support spoke sakshi supportive actually tried help resolve issue first time happening someone cancelling us sakshi really went beyond get resolution issue well done sakshi star service date experience may,5
airbnb since beginningi airbnb since beginning recently returned back host realise restricting punishing lovely requester would love give flat another requester keeps coming back quicker control canceled requester charged seriously booking system sucks date experience may,1
claim host approved even though claim host approved even though clear coach different coach advertised goodbye video also scientific proof read neither conversation app host knows rules comes odour clause enables make claim odour proven video yet invented guests would stand stronger local market research appointing communication via airbnb app date experience may,1
rude selfish members cannot believe conduct airbnb member rude selfish cannot understand think everyone actual fact received booking honored got friends rented equipment another company still thought alright use facilities bit like taking mc donalds restuarant eating tables gave us bad review honestly airbnb members super stingy selfish leaving airbnb become pool greedy people want pay anything wants star gold service date experience may,1
stick hotelsstick hotels first experience terrible last one still trying get help airbnb agent taking forever respond honest fair person use airbnb platform hotels much better update details resolve issue date experience may,1
customer service customer service listed property airbnb suspended account without notifying month contacted numerous time answer absolute time wasterdate experience may,1
airbnb years airbnb years guest host followed rules airbnb value ogs users anymore host listing home open bookings going away opened calendar july minimum night stay nights away july hoping guest available another handover however someone booked june th nights july minimum night term first airbnb admitted technical error later came back explain possible nowhere guest booking loop hole explained airbnb still able point alas end airbnb advised cancel trusted guidance fined dates july blocked feel completely gaslit airbnb unwilling fix customer service team extremely rude listen instead continuously speak little voice going change anything forgotten original values lost empathy onto alternatives platforms furthermore closed case answer call date experience may,1
horrendous company superhost airbnb last years say absolutely horrendous deal latest verify listing one ill thought things ever experienced want go holiday lodges manage take videos photos inside outside even guests customer service teams absolutely hopeless robotic answers flexibility whatsoever years bookings reviews listings star reviews rural scotland completed guest nights abnb significantly com near mile round trip photograph video authenticity verify even guests photograph video inside intrusion guests completely unacceptable blocked dates verification process done despite telling june st complete verification process truly horrendous customer service ridiculously ill thought process verification date experience may,1
took money declinedmade reservation paid half amount airbnb took money account declined us called airbnb spoke many times could give reason call talk bank much extra job time phone tried one time another house rent airbnb thing happened could help us wait get money back weeks bye bye airbnb taking away account today date experience may,1
noise hazardi booked apartment pavia italy city center choosing based distance university conveniency shopping food request clearly stated coming work third night encountered impossible noise parties drunken behavior lasted sometimes morning help close windows use earplugs four nights constant noise asked cancel booking get refund booking different place sleep quietly apparently airbnb cover hazards viewed noise hazard declined needless say paid double amount cover second part stay using airbnb several years probably refrain using also recommend colleagues avoid date experience may,1
awfulthe place supposed stay found mold cancelled reservation kicks issues first happened day tried cancel day reason would never seen penny back care second way let anyone know platform person warning five star super host according airbnb third customer service horrible tried help find new location offered condolences would treat like family coupon next stay long cost one cancelled course horrible way treat family booked months advance keep pay last minute prices waiting hours phone find place twice far needed acceptable date experience april,1
avoid costi booked payed apartment annecy france yesterday host sent message cancelling staying pretending niece going staying apartment ha ha ha without big headed proud airbnb score years call airbnb want refund use booking com instead told wait days get refund days policy rules illegally make profit even get service refunds issued hundred thousands people therefore making millions profits money deposited banks called legalised theft punish hosts cancel booking niece lover wanted place stupid excuses really advice guests booked france year olympics thousands canceling places prices quadruple today happened airbnb date experience may,1
robbed airbnb host orsolya szijjarto robbed stay budapest host name mark room veronika room host stole laptop wallet apartment close blaha ter real name host orsolya szijjarto even operates marcus vullings name despite airbnb insurance article company refused refund inconveniencedate experience december,1
host currently removing listingi host speed airbnb look penalise charge fees frightening currently removing listing plenty alternative providers seems strange business model mess hosts around way airbnb frequently date experience may,1
watch billing air bnb debited account repetitive charges stopped bank stopped declining card took would night stay top charge cleaning complain clean laundry still trying get money back date experience april,1
unlike many people seem positive dealings airbnbunlike many people seem positive dealings airbnb recently issue company behalf host resolved problem quickly far listings visited exactly stated good service fees sometimes seem little top though listed nightly price actually end indication total cost searching decent priced place take long time date experience may,4
insufferable company ive never treated worse company left completely helpless miles away home host zeb czech republic gave us aimless directions took us minutes find home pointless unhelpful conversation host hoped get help airbnb instead left sorry theres violation theres nothing host bother recognize fact idea navigable instructions given decided stay also felt entirely unsafe area worth camera equipment door also close properly run shady apartment host continued argue us airbnb left us dark go luckily found accommodations hotel across town proceeded litigation towards airbnb continue hold money companies treat loyal customer years way business mention cultural gentrification leaves citizens without place live causes tourism due airbnbs inconvenience societies around globe aim bankrupt awful despicable entity date experience may,1
airbnb unresolution centrewe stayed nights property good checked claim damage disagreed story provided hosts declined claim felt inaccurate costs claiming ridiculous actually issue entered resolution centre labyrinth brilliant airbnb invention befuddlement stonewalling aimless dance never get straight answer get passed around hit silent dead ends days weeks slip responses promised referrals specialists phone callbacks never eventuate lied order fob another days chats open get arbitrarily closed etc take money anyway nutshell resolution centre unresolution centre designed frustrate give sigh cancelled airbnb account date experience march,1
